{"minzoom":0,"maxzoom":9,"center":[20.742188,42.810984,9.0],"bounds":[20.014284,41.857641,21.789867,43.273331]}