{"minzoom":0,"maxzoom":8,"center":[20.390625,42.550931,8.0],"bounds":[20.014284,41.857641,21.789867,43.273331]}